{
  "model": "Qwen/Qwen2.5-Coder-7B-Instruct",
  "num_train_pairs": 280,
  "num_val_pairs": 20,
  "best_layer": 18,
  "explained_variance": 0.17512664198875427,
  "validation": {
    "mean_harmful_projection": -8.351400375366211,
    "mean_harmless_projection": -24.574542999267578,
    "separation": 16.223142623901367,
    "classification_accuracy": 0.75
  },
  "per_layer_variance": {
    "2": 0.1934719979763031,
    "6": 0.18632403016090393,
    "3": 0.18374192714691162,
    "5": 0.18260346353054047,
    "18": 0.17512664198875427,
    "7": 0.17431841790676117,
    "19": 0.1739657074213028,
    "8": 0.1733933538198471,
    "20": 0.17091673612594604,
    "1": 0.1697317659854889,
    "4": 0.16333912312984467,
    "0": 0.16298474371433258,
    "21": 0.1590714007616043,
    "15": 0.15617042779922485,
    "17": 0.15522000193595886,
    "16": 0.15320925414562225,
    "14": 0.1514376550912857,
    "22": 0.1503792405128479,
    "12": 0.149502232670784,
    "11": 0.14771594107151031,
    "27": 0.14511874318122864,
    "9": 0.1450653374195099,
    "13": 0.1448342353105545,
    "23": 0.14295989274978638,
    "10": 0.1397876888513565,
    "24": 0.138941690325737,
    "25": 0.13620492815971375,
    "26": 0.12853805720806122
  },
  "backend": "direct",
  "elapsed_seconds": 40.91766142845154
}