{
  "model": "Qwen/Qwen2.5-7B-Instruct",
  "num_train_pairs": 280,
  "num_val_pairs": 20,
  "best_layer": 10,
  "explained_variance": 0.26294687390327454,
  "validation": {
    "mean_harmful_projection": 1.9271996021270752,
    "mean_harmless_projection": -5.923832893371582,
    "separation": 7.851032495498657,
    "classification_accuracy": 0.8
  },
  "per_layer_variance": {
    "10": 0.26294687390327454,
    "11": 0.25177642703056335,
    "9": 0.2506333887577057,
    "8": 0.2480306327342987,
    "13": 0.24609927833080292,
    "5": 0.24291205406188965,
    "7": 0.24053281545639038,
    "12": 0.24029462039470673,
    "6": 0.23751188814640045,
    "14": 0.22495487332344055,
    "16": 0.21467819809913635,
    "15": 0.21444615721702576,
    "17": 0.2135912925004959,
    "18": 0.21334142982959747,
    "20": 0.20950083434581757,
    "19": 0.193690225481987,
    "21": 0.18592393398284912,
    "22": 0.1720646470785141,
    "23": 0.1591266244649887,
    "25": 0.15644758939743042,
    "24": 0.1557168960571289,
    "4": 0.15370595455169678,
    "2": 0.15073508024215698,
    "0": 0.14936473965644836,
    "26": 0.14712026715278625,
    "27": 0.13809017837047577,
    "3": 0.135115846991539,
    "1": 0.1299390196800232
  },
  "backend": "direct",
  "elapsed_seconds": 44.966742753982544
}