{
  "explained_variance_ratio": [
    0.9480343140449707,
    0.04913204177362608,
    0.0021696813755729878,
    0.0004293702075100866,
    0.00013170271996863019,
    7.329692467326856e-05,
    2.282470694515412e-05,
    6.768246732948134e-06,
    2.677484700462553e-32
  ],
  "num_checkpoints": 9,
  "num_layers": 11
}